{"benzene": {"SCF Energy": -232.248647859, "HOMO": -0.24627, "LUMO": 0.00362, "Molecular Orbitals": [-10.1877, -10.18744, -10.18744, -10.18688, -10.18688, -10.18662, -0.84629, -0.73984, -0.73984, -0.59753, -0.59753, -0.5186, -0.4594, -0.43808, -0.41729, -0.41729, -0.35936, -0.3403, -0.3403, -0.24627, -0.24627, 0.00362, 0.00362, 0.09087, 0.14479, 0.14479, 0.16392, 0.18191, 0.18191, 0.19036, 0.30267, 0.30267, 0.31911, 0.31911, 0.4749, 0.52738, 0.54903, 0.55027, 0.56393, 0.5925, 0.60203, 0.60203, 0.60207, 0.60207, 0.62682, 0.62682, 0.66755, 0.66755, 0.74488, 0.84026, 0.84026, 0.84123, 0.86526, 0.86526, 0.93902, 0.93902, 0.94088, 0.95798, 1.08255, 1.08255, 1.14236, 1.14236, 1.20102, 1.26191, 1.39629, 1.43653, 1.43653, 1.48696, 1.48696, 1.5154, 1.5154, 1.75698, 1.78982, 1.85764, 1.89577, 1.97394, 1.97394, 2.06597, 2.06597, 2.15159, 2.15159, 2.15436, 2.15436, 2.30945, 2.30945, 2.32155, 2.54586, 2.54586, 2.65682, 2.70551, 2.70551, 2.72185, 2.72185, 2.7602, 3.01689, 3.4103, 4.08523, 4.11781, 4.11781, 4.33041, 4.33041, 4.66594], "Dipole": {"X": 0.0, "Y": -0.0, "Z": 0.0, "Tot": 0.0}, "Quadrupole": {"XX": 2.3994, "YY": 2.3994, "ZZ": -4.7989, "XY": -0.0, "XZ": 0.0, "YZ": 0.0}, "Vibrations": {"Frequency": [414.7691, 414.7702, 621.6923, 621.6923, 692.3171, 717.7415, 863.0539, 863.056, 967.9375, 967.9387, 1009.6538, 1019.9096, 1020.4008, 1068.5886, 1068.5896, 1184.8933, 1207.2163, 1207.2165, 1356.0509, 1386.4461, 1530.8967, 1530.897, 1655.6374, 1655.6375, 3177.8202, 3187.4445, 3187.4445, 3203.1941, 3203.1955, 3213.834], "IR Intensity": [0.0, 0.0, 0.0, 0.0, 77.5859, 0.0, 0.0, 0.0, 0.0, 0.0, 0.0, 0.0, 0.0, 3.2814, 3.2809, 0.0, 0.0, 0.0, 0.0, 0.0, 6.5372, 6.5392, 0.0, 0.0, 0.0, 0.0, 0.0, 51.8051, 51.7983, 0.0]}, "Excited States": {"Wavelength": [326.46, 258.86, 258.86, 238.17, 223.68, 196.61, 166.94, 166.94, 162.38, 161.7, 161.7, 161.66, 157.47, 155.36, 155.36, 155.1, 153.7, 153.7, 143.04, 143.04], "Oscillator Strength": [0.0, 0.0, 0.0, 0.0, 0.0, 0.0, 0.0, 0.0, 0.0, 0.0, 0.0, 0.0, 0.0, 0.0, 0.0, 0.0056, 0.0, 0.0, 1.1525, 1.1525]}}}