{"water": {"SCF Energy": -76.4089539793, "HOMO": -0.29119, "LUMO": 0.0626, "Molecular Orbitals": [-19.13817, -0.99788, -0.51713, -0.37222, -0.29119, 0.0626, 0.14812, 0.77245, 0.86092, 0.89078, 0.89509, 1.06578, 1.19344, 1.7291, 1.74638, 1.77981, 2.28056, 2.57709, 3.5519], "Dipole": {"X": -0.0, "Y": 0.0, "Z": -2.0954, "Tot": 2.0954}, "Quadrupole": {"XX": -1.3771, "YY": 1.5402, "ZZ": -0.163, "XY": 0.0, "XZ": 0.0, "YZ": -0.0}, "Vibrations": {"Frequency": [1713.0969, 3727.1456, 3849.0961], "IR Intensity": [75.7861, 1.6918, 19.387]}, "Excited States": {"Wavelength": [173.58, 156.62, 133.76, 132.36, 124.74, 118.09, 110.1, 97.81, 94.98, 85.4, 84.22, 69.74, 48.37, 47.33, 46.67, 45.83, 45.01, 44.77, 43.11, 42.05], "Oscillator Strength": [0.0, 0.0136, 0.0, 0.0, 0.0, 0.0947, 0.0, 0.0717, 0.0, 0.3976, 0.0, 0.2111, 0.0, 0.0, 0.0, 0.0, 0.0, 0.0309, 0.1161, 0.1496]}}, "pyridine": {"SCF Energy": -248.284960836, "HOMO": -0.25259, "LUMO": -0.02245, "Molecular Orbitals": [-14.32857, -10.22217, -10.22216, -10.21021, -10.20015, -10.20014, -0.93786, -0.80271, -0.75964, -0.62816, -0.62675, -0.52768, -0.47666, -0.47152, -0.42854, -0.40348, -0.39442, -0.36389, -0.28592, -0.26138, -0.25259, -0.02245, -0.00946, 0.09288, 0.13761, 0.14681, 0.15441, 0.17521, 0.17653, 0.24108, 0.29477, 0.32026, 0.32096, 0.45378, 0.45954, 0.51546, 0.53569, 0.58311, 0.58606, 0.59275, 0.59289, 0.59697, 0.60303, 0.64321, 0.65545, 0.67278, 0.68678, 0.82239, 0.82555, 0.84428, 0.85015, 0.86115, 0.87744, 0.91932, 0.92598, 0.96481, 1.0374, 1.0673, 1.10851, 1.15868, 1.20972, 1.25031, 1.36954, 1.37905, 1.46068, 1.47501, 1.4794, 1.51415, 1.52435, 1.69932, 1.77663, 1.81151, 1.82135, 1.91697, 1.96423, 2.05097, 2.12749, 2.13128, 2.16896, 2.17885, 2.19126, 2.29296, 2.31787, 2.38138, 2.51791, 2.54158, 2.643, 2.65725, 2.69049, 2.71146, 2.76948, 2.77836, 3.04209, 3.36866, 4.03602, 4.09678, 4.12237, 4.2281, 4.31694, 4.58198], "Dipole": {"X": -0.0, "Y": -0.0, "Z": -2.1921, "Tot": 2.1921}, "Quadrupole": {"XX": -2.9572, "YY": 4.7812, "ZZ": -1.824, "XY": 0.0, "XZ": 0.0, "YZ": 0.0}, "Vibrations": {"Frequency": [386.7438, 421.3179, 613.3668, 670.3257, 719.0794, 763.2511, 898.2707, 957.0516, 994.0097, 1010.0396, 1011.8612, 1050.9425, 1085.987, 1100.7192, 1181.2861, 1253.3329, 1308.4413, 1398.1862, 1487.1775, 1531.1503, 1638.3655, 1643.5327, 3168.661, 3170.8473, 3190.6406, 3206.4593, 3214.5858], "IR Intensity": [0.0, 3.3865, 4.2162, 0.3306, 43.758, 7.5039, 0.0, 0.0223, 0.0, 0.0, 7.4106, 4.3254, 0.2694, 3.1983, 1.7254, 2.8497, 0.1295, 0.0299, 25.9008, 3.0322, 8.6543, 22.9673, 32.9464, 11.4016, 8.8937, 34.3087, 8.2643]}, "Excited States": {"Wavelength": [315.86, 299.48, 269.26, 252.34, 251.03, 245.38, 238.74, 219.9, 216.7, 190.88, 163.99, 163.87, 163.49, 162.88, 158.04, 157.72, 156.65, 150.1, 145.57, 145.21], "Oscillator Strength": [0.0, 0.0, 0.0, 0.0043, 0.0, 0.0, 0.0, 0.0277, 0.0, 0.0156, 0.4355, 0.0, 0.0, 0.4549, 0.0, 0.0, 0.0, 0.005, 0.0, 0.0146]}}, "ethanol": {"SCF Energy": -155.033799161, "HOMO": -0.26153, "LUMO": 0.07659, "Molecular Orbitals": [-19.13709, -10.22826, -10.1717, -1.00887, -0.74322, -0.60562, -0.51041, -0.45899, -0.39458, -0.37884, -0.36059, -0.32521, -0.26153, 0.07659, 0.1192, 0.15743, 0.1622, 0.1756, 0.1993, 0.21414, 0.24007, 0.52869, 0.55882, 0.56221, 0.58415, 0.66999, 0.68388, 0.80847, 0.85089, 0.87436, 0.89566, 0.90855, 0.93579, 0.99229, 1.02276, 1.02602, 1.16348, 1.37581, 1.44688, 1.48448, 1.6552, 1.7461, 1.78939, 1.92578, 1.94699, 2.03741, 2.16775, 2.22141, 2.32837, 2.38195, 2.40821, 2.49395, 2.61492, 2.83967, 3.71824, 4.17283, 4.39861], "Dipole": {"X": -0.0187, "Y": 1.5613, "Z": -0.0, "Tot": 1.5614}, "Quadrupole": {"XX": 1.6589, "YY": -0.717, "ZZ": -0.942, "XY": -2.4092, "XZ": 0.0, "YZ": -0.0}, "Vibrations": {"Frequency": [251.4575, 301.8131, 417.2578, 829.8176, 912.0799, 1042.8793, 1125.2126, 1195.0015, 1291.8745, 1310.5601, 1427.8169, 1481.9942, 1513.9122, 1531.7906, 1561.3262, 2981.5824, 3004.8134, 3057.3384, 3127.9013, 3133.4565, 3750.6345], "IR Intensity": [32.5445, 98.7922, 11.2878, 0.0151, 9.8477, 55.8716, 23.6079, 4.8651, 86.9217, 0.0766, 0.4231, 16.2675, 4.4183, 3.0812, 2.6941, 73.4966, 77.9091, 15.7324, 31.5487, 34.3093, 9.7377]}, "Excited States": {"Wavelength": [175.27, 161.84, 141.79, 139.89, 134.79, 128.74, 128.66, 123.57, 120.74, 119.72, 119.46, 118.35, 116.08, 116.05, 115.2, 114.23, 113.52, 112.62, 111.02, 108.97], "Oscillator Strength": [0.0, 0.0006, 0.0, 0.0, 0.0143, 0.0, 0.0096, 0.0, 0.0, 0.0672, 0.0, 0.0615, 0.0, 0.0012, 0.0, 0.0029, 0.0, 0.0175, 0.0024, 0.0698]}}, "benzene": {"SCF Energy": -232.248647859, "HOMO": -0.24627, "LUMO": 0.00362, "Molecular Orbitals": [-10.1877, -10.18744, -10.18744, -10.18688, -10.18688, -10.18662, -0.84629, -0.73984, -0.73984, -0.59753, -0.59753, -0.5186, -0.4594, -0.43808, -0.41729, -0.41729, -0.35936, -0.3403, -0.3403, -0.24627, -0.24627, 0.00362, 0.00362, 0.09087, 0.14479, 0.14479, 0.16392, 0.18191, 0.18191, 0.19036, 0.30267, 0.30267, 0.31911, 0.31911, 0.4749, 0.52738, 0.54903, 0.55027, 0.56393, 0.5925, 0.60203, 0.60203, 0.60207, 0.60207, 0.62682, 0.62682, 0.66755, 0.66755, 0.74488, 0.84026, 0.84026, 0.84123, 0.86526, 0.86526, 0.93902, 0.93902, 0.94088, 0.95798, 1.08255, 1.08255, 1.14236, 1.14236, 1.20102, 1.26191, 1.39629, 1.43653, 1.43653, 1.48696, 1.48696, 1.5154, 1.5154, 1.75698, 1.78982, 1.85764, 1.89577, 1.97394, 1.97394, 2.06597, 2.06597, 2.15159, 2.15159, 2.15436, 2.15436, 2.30945, 2.30945, 2.32155, 2.54586, 2.54586, 2.65682, 2.70551, 2.70551, 2.72185, 2.72185, 2.7602, 3.01689, 3.4103, 4.08523, 4.11781, 4.11781, 4.33041, 4.33041, 4.66594], "Dipole": {"X": 0.0, "Y": -0.0, "Z": 0.0, "Tot": 0.0}, "Quadrupole": {"XX": 2.3994, "YY": 2.3994, "ZZ": -4.7989, "XY": -0.0, "XZ": 0.0, "YZ": 0.0}, "Vibrations": {"Frequency": [414.7691, 414.7702, 621.6923, 621.6923, 692.3171, 717.7415, 863.0539, 863.056, 967.9375, 967.9387, 1009.6538, 1019.9096, 1020.4008, 1068.5886, 1068.5896, 1184.8933, 1207.2163, 1207.2165, 1356.0509, 1386.4461, 1530.8967, 1530.897, 1655.6374, 1655.6375, 3177.8202, 3187.4445, 3187.4445, 3203.1941, 3203.1955, 3213.834], "IR Intensity": [0.0, 0.0, 0.0, 0.0, 77.5859, 0.0, 0.0, 0.0, 0.0, 0.0, 0.0, 0.0, 0.0, 3.2814, 3.2809, 0.0, 0.0, 0.0, 0.0, 0.0, 6.5372, 6.5392, 0.0, 0.0, 0.0, 0.0, 0.0, 51.8051, 51.7983, 0.0]}, "Excited States": {"Wavelength": [326.46, 258.86, 258.86, 238.17, 223.68, 196.61, 166.94, 166.94, 162.38, 161.7, 161.7, 161.66, 157.47, 155.36, 155.36, 155.1, 153.7, 153.7, 143.04, 143.04], "Oscillator Strength": [0.0, 0.0, 0.0, 0.0, 0.0, 0.0, 0.0, 0.0, 0.0, 0.0, 0.0, 0.0, 0.0, 0.0, 0.0, 0.0056, 0.0, 0.0, 1.1525, 1.1525]}}}