{"ethanol": {"SCF Energy": -155.033799161, "HOMO": -0.26153, "LUMO": 0.07659, "Molecular Orbitals": [-19.13709, -10.22826, -10.1717, -1.00887, -0.74322, -0.60562, -0.51041, -0.45899, -0.39458, -0.37884, -0.36059, -0.32521, -0.26153, 0.07659, 0.1192, 0.15743, 0.1622, 0.1756, 0.1993, 0.21414, 0.24007, 0.52869, 0.55882, 0.56221, 0.58415, 0.66999, 0.68388, 0.80847, 0.85089, 0.87436, 0.89566, 0.90855, 0.93579, 0.99229, 1.02276, 1.02602, 1.16348, 1.37581, 1.44688, 1.48448, 1.6552, 1.7461, 1.78939, 1.92578, 1.94699, 2.03741, 2.16775, 2.22141, 2.32837, 2.38195, 2.40821, 2.49395, 2.61492, 2.83967, 3.71824, 4.17283, 4.39861], "Dipole": {"X": -0.0187, "Y": 1.5613, "Z": -0.0, "Tot": 1.5614}, "Quadrupole": {"XX": 1.6589, "YY": -0.717, "ZZ": -0.942, "XY": -2.4092, "XZ": 0.0, "YZ": -0.0}, "Vibrations": {"Frequency": [251.4575, 301.8131, 417.2578, 829.8176, 912.0799, 1042.8793, 1125.2126, 1195.0015, 1291.8745, 1310.5601, 1427.8169, 1481.9942, 1513.9122, 1531.7906, 1561.3262, 2981.5824, 3004.8134, 3057.3384, 3127.9013, 3133.4565, 3750.6345], "IR Intensity": [32.5445, 98.7922, 11.2878, 0.0151, 9.8477, 55.8716, 23.6079, 4.8651, 86.9217, 0.0766, 0.4231, 16.2675, 4.4183, 3.0812, 2.6941, 73.4966, 77.9091, 15.7324, 31.5487, 34.3093, 9.7377]}, "Excited States": {"Wavelength": [175.27, 161.84, 141.79, 139.89, 134.79, 128.74, 128.66, 123.57, 120.74, 119.72, 119.46, 118.35, 116.08, 116.05, 115.2, 114.23, 113.52, 112.62, 111.02, 108.97], "Oscillator Strength": [0.0, 0.0006, 0.0, 0.0, 0.0143, 0.0, 0.0096, 0.0, 0.0, 0.0672, 0.0, 0.0615, 0.0, 0.0012, 0.0, 0.0029, 0.0, 0.0175, 0.0024, 0.0698]}}}