{"pyridine": {"SCF Energy": -248.284960836, "HOMO": -0.25259, "LUMO": -0.02245, "Molecular Orbitals": [-14.32857, -10.22217, -10.22216, -10.21021, -10.20015, -10.20014, -0.93786, -0.80271, -0.75964, -0.62816, -0.62675, -0.52768, -0.47666, -0.47152, -0.42854, -0.40348, -0.39442, -0.36389, -0.28592, -0.26138, -0.25259, -0.02245, -0.00946, 0.09288, 0.13761, 0.14681, 0.15441, 0.17521, 0.17653, 0.24108, 0.29477, 0.32026, 0.32096, 0.45378, 0.45954, 0.51546, 0.53569, 0.58311, 0.58606, 0.59275, 0.59289, 0.59697, 0.60303, 0.64321, 0.65545, 0.67278, 0.68678, 0.82239, 0.82555, 0.84428, 0.85015, 0.86115, 0.87744, 0.91932, 0.92598, 0.96481, 1.0374, 1.0673, 1.10851, 1.15868, 1.20972, 1.25031, 1.36954, 1.37905, 1.46068, 1.47501, 1.4794, 1.51415, 1.52435, 1.69932, 1.77663, 1.81151, 1.82135, 1.91697, 1.96423, 2.05097, 2.12749, 2.13128, 2.16896, 2.17885, 2.19126, 2.29296, 2.31787, 2.38138, 2.51791, 2.54158, 2.643, 2.65725, 2.69049, 2.71146, 2.76948, 2.77836, 3.04209, 3.36866, 4.03602, 4.09678, 4.12237, 4.2281, 4.31694, 4.58198], "Dipole": {"X": -0.0, "Y": -0.0, "Z": -2.1921, "Tot": 2.1921}, "Quadrupole": {"XX": -2.9572, "YY": 4.7812, "ZZ": -1.824, "XY": 0.0, "XZ": 0.0, "YZ": 0.0}, "Vibrations": {"Frequency": [386.7438, 421.3179, 613.3668, 670.3257, 719.0794, 763.2511, 898.2707, 957.0516, 994.0097, 1010.0396, 1011.8612, 1050.9425, 1085.987, 1100.7192, 1181.2861, 1253.3329, 1308.4413, 1398.1862, 1487.1775, 1531.1503, 1638.3655, 1643.5327, 3168.661, 3170.8473, 3190.6406, 3206.4593, 3214.5858], "IR Intensity": [0.0, 3.3865, 4.2162, 0.3306, 43.758, 7.5039, 0.0, 0.0223, 0.0, 0.0, 7.4106, 4.3254, 0.2694, 3.1983, 1.7254, 2.8497, 0.1295, 0.0299, 25.9008, 3.0322, 8.6543, 22.9673, 32.9464, 11.4016, 8.8937, 34.3087, 8.2643]}, "Excited States": {"Wavelength": [315.86, 299.48, 269.26, 252.34, 251.03, 245.38, 238.74, 219.9, 216.7, 190.88, 163.99, 163.87, 163.49, 162.88, 158.04, 157.72, 156.65, 150.1, 145.57, 145.21], "Oscillator Strength": [0.0, 0.0, 0.0, 0.0043, 0.0, 0.0, 0.0, 0.0277, 0.0, 0.0156, 0.4355, 0.0, 0.0, 0.4549, 0.0, 0.0, 0.0, 0.005, 0.0, 0.0146]}}}