{"water": {"SCF Energy": -76.4089539793, "HOMO": -0.29119, "LUMO": 0.0626, "Molecular Orbitals": [-19.13817, -0.99788, -0.51713, -0.37222, -0.29119, 0.0626, 0.14812, 0.77245, 0.86092, 0.89078, 0.89509, 1.06578, 1.19344, 1.7291, 1.74638, 1.77981, 2.28056, 2.57709, 3.5519], "Dipole": {"X": -0.0, "Y": 0.0, "Z": -2.0954, "Tot": 2.0954}, "Quadrupole": {"XX": -1.3771, "YY": 1.5402, "ZZ": -0.163, "XY": 0.0, "XZ": 0.0, "YZ": -0.0}, "Vibrations": {"Frequency": [1713.0969, 3727.1456, 3849.0961], "IR Intensity": [75.7861, 1.6918, 19.387]}, "Excited States": {"Wavelength": [173.58, 156.62, 133.76, 132.36, 124.74, 118.09, 110.1, 97.81, 94.98, 85.4, 84.22, 69.74, 48.37, 47.33, 46.67, 45.83, 45.01, 44.77, 43.11, 42.05], "Oscillator Strength": [0.0, 0.0136, 0.0, 0.0, 0.0, 0.0947, 0.0, 0.0717, 0.0, 0.3976, 0.0, 0.2111, 0.0, 0.0, 0.0, 0.0, 0.0, 0.0309, 0.1161, 0.1496]}}}